{
    "Alabama": {
        "center": [32.3182, -85.9023],
        "bounds": [[28.223334, -89.473227], [36.008028, -80.88908]],
        "zoom": 7
    },
    "Louisiana": {
        "center": [30.9843, -90.9623],
        "bounds": [[26.928609, -96.043147], [35.019457, -85.817017]],
        "zoom": 7
    },
    "Utah": {
        "center": [39.3210, -110.0937],
        "bounds": [[35.997968, -116.052962	], [44.001567, -105.041058]],
        "zoom": 7
    },
    "US": {
        "center": [39.8283, -98.5795],
        "bounds": [[25.91619, -130.791110603], [50.3577635769, -60.96466]],
        "zoom": 5
    }
}